"BehaviorSpace results (NetLogo 6.1.1)"
"compound-events.nlogo"
"experiment"
"01/28/2020 01:20:54:245 +0100"
"min-pxcor","max-pxcor","min-pycor","max-pycor"
"0","520","0","180"
"[run number]","max_altitude_food_available","mean_ash_intensity","ash_eruption_distance_2","increase_temp_variation","ash_eruption_radius","growback_rate","random_ash_fall","decrease_connection","max_deviation_prec","cultural_capital_distribution","show-graticules?","ash_fallout","max_temp_change","show_volcano_impact","max_deviation_temp","volcano_duration_effect","threshold_location_knowledge","average_group_size","show_links","mobility_size_factor","volcano_eruption_distance","max_food_patch","max_shared_locations","ash_eruption_angle_2","debug?","ash_wind_direction_2","optimal_temperature","cooperation_radius","stdev_group_size","cone_impact_2","ash_eruption_distance_1","optimal_precipitation","max_resource_patch","percentage_ash","decay_exponent","split_min_size","stdv_ash_intensity","increase_prec_variation","number_of_bands","variation_delay","max_effectiveness","maximum_days_moving","decay_type","merge_max_size","cultural_capital_mutation","ash_eruption_distribution","mean_cultural_capital","color_clusters?","environment_delay","start_event","ash_eruption_angle_1","resources_tool","ash_wind_direction_1","stdv_cultural_capital","max_prec_change","standard_birth_rate","cone_impact_1","[step]","mean [ community_size ] of agentset_unique_communities"
"1","2500","50","50","0","40","8","0.3","1","3","normal","false","wind-cones","0","true","10","24","7","23","true","2","2","9000","50","110","false","230","5","3","10","1","70","4","4500","1","0.17","25","10","0","1000","500","6","89","exponential","50","5","skewed near","30","true","300","20","30","60","50","20","0","1.05","1","0","<RuntimePrimitiveException>"
"1","2500","50","50","0","40","8","0.3","1","3","normal","false","wind-cones","0","true","10","24","7","23","true","2","2","9000","50","110","false","230","5","3","10","1","70","4","4500","1","0.17","25","10","0","1000","500","6","89","exponential","50","5","skewed near","30","true","300","20","30","60","50","20","0","1.05","1","1","2.4842767295597485"
"1","2500","50","50","0","40","8","0.3","1","3","normal","false","wind-cones","0","true","10","24","7","23","true","2","2","9000","50","110","false","230","5","3","10","1","70","4","4500","1","0.17","25","10","0","1000","500","6","89","exponential","50","5","skewed near","30","true","300","20","30","60","50","20","0","1.05","1","2","2.436619718309859"
"1","2500","50","50","0","40","8","0.3","1","3","normal","false","wind-cones","0","true","10","24","7","23","true","2","2","9000","50","110","false","230","5","3","10","1","70","4","4500","1","0.17","25","10","0","1000","500","6","89","exponential","50","5","skewed near","30","true","300","20","30","60","50","20","0","1.05","1","3","2.4444444444444446"
"1","2500","50","50","0","40","8","0.3","1","3","normal","false","wind-cones","0","true","10","24","7","23","true","2","2","9000","50","110","false","230","5","3","10","1","70","4","4500","1","0.17","25","10","0","1000","500","6","89","exponential","50","5","skewed near","30","true","300","20","30","60","50","20","0","1.05","1","4","2.5083333333333333"
"1","2500","50","50","0","40","8","0.3","1","3","normal","false","wind-cones","0","true","10","24","7","23","true","2","2","9000","50","110","false","230","5","3","10","1","70","4","4500","1","0.17","25","10","0","1000","500","6","89","exponential","50","5","skewed near","30","true","300","20","30","60","50","20","0","1.05","1","5","2.3839285714285716"
"1","2500","50","50","0","40","8","0.3","1","3","normal","false","wind-cones","0","true","10","24","7","23","true","2","2","9000","50","110","false","230","5","3","10","1","70","4","4500","1","0.17","25","10","0","1000","500","6","89","exponential","50","5","skewed near","30","true","300","20","30","60","50","20","0","1.05","1","6","2.4910714285714284"
"1","2500","50","50","0","40","8","0.3","1","3","normal","false","wind-cones","0","true","10","24","7","23","true","2","2","9000","50","110","false","230","5","3","10","1","70","4","4500","1","0.17","25","10","0","1000","500","6","89","exponential","50","5","skewed near","30","true","300","20","30","60","50","20","0","1.05","1","7","2.4649122807017543"
"1","2500","50","50","0","40","8","0.3","1","3","normal","false","wind-cones","0","true","10","24","7","23","true","2","2","9000","50","110","false","230","5","3","10","1","70","4","4500","1","0.17","25","10","0","1000","500","6","89","exponential","50","5","skewed near","30","true","300","20","30","60","50","20","0","1.05","1","8","2.495145631067961"
"1","2500","50","50","0","40","8","0.3","1","3","normal","false","wind-cones","0","true","10","24","7","23","true","2","2","9000","50","110","false","230","5","3","10","1","70","4","4500","1","0.17","25","10","0","1000","500","6","89","exponential","50","5","skewed near","30","true","300","20","30","60","50","20","0","1.05","1","9","2.5306122448979593"
"1","2500","50","50","0","40","8","0.3","1","3","normal","false","wind-cones","0","true","10","24","7","23","true","2","2","9000","50","110","false","230","5","3","10","1","70","4","4500","1","0.17","25","10","0","1000","500","6","89","exponential","50","5","skewed near","30","true","300","20","30","60","50","20","0","1.05","1","10","2.4285714285714284"
"2","2500","50","50","0","40","8","0.3","1","3","normal","false","wind-cones","0","true","10","24","7","23","true","2","2","9000","50","110","false","230","5","3","10","1","70","4","4500","1","0.17","25","10","0","1000","500","6","89","exponential","50","5","skewed near","30","true","300","20","30","60","50","20","0","1.05","1","0","<RuntimePrimitiveException>"
"2","2500","50","50","0","40","8","0.3","1","3","normal","false","wind-cones","0","true","10","24","7","23","true","2","2","9000","50","110","false","230","5","3","10","1","70","4","4500","1","0.17","25","10","0","1000","500","6","89","exponential","50","5","skewed near","30","true","300","20","30","60","50","20","0","1.05","1","1","2.4895104895104896"
"2","2500","50","50","0","40","8","0.3","1","3","normal","false","wind-cones","0","true","10","24","7","23","true","2","2","9000","50","110","false","230","5","3","10","1","70","4","4500","1","0.17","25","10","0","1000","500","6","89","exponential","50","5","skewed near","30","true","300","20","30","60","50","20","0","1.05","1","2","2.4390243902439024"
"2","2500","50","50","0","40","8","0.3","1","3","normal","false","wind-cones","0","true","10","24","7","23","true","2","2","9000","50","110","false","230","5","3","10","1","70","4","4500","1","0.17","25","10","0","1000","500","6","89","exponential","50","5","skewed near","30","true","300","20","30","60","50","20","0","1.05","1","3","2.4774774774774775"
"2","2500","50","50","0","40","8","0.3","1","3","normal","false","wind-cones","0","true","10","24","7","23","true","2","2","9000","50","110","false","230","5","3","10","1","70","4","4500","1","0.17","25","10","0","1000","500","6","89","exponential","50","5","skewed near","30","true","300","20","30","60","50","20","0","1.05","1","4","2.4454545454545453"
"2","2500","50","50","0","40","8","0.3","1","3","normal","false","wind-cones","0","true","10","24","7","23","true","2","2","9000","50","110","false","230","5","3","10","1","70","4","4500","1","0.17","25","10","0","1000","500","6","89","exponential","50","5","skewed near","30","true","300","20","30","60","50","20","0","1.05","1","5","2.3873873873873874"
"2","2500","50","50","0","40","8","0.3","1","3","normal","false","wind-cones","0","true","10","24","7","23","true","2","2","9000","50","110","false","230","5","3","10","1","70","4","4500","1","0.17","25","10","0","1000","500","6","89","exponential","50","5","skewed near","30","true","300","20","30","60","50","20","0","1.05","1","6","2.3392857142857144"
"2","2500","50","50","0","40","8","0.3","1","3","normal","false","wind-cones","0","true","10","24","7","23","true","2","2","9000","50","110","false","230","5","3","10","1","70","4","4500","1","0.17","25","10","0","1000","500","6","89","exponential","50","5","skewed near","30","true","300","20","30","60","50","20","0","1.05","1","7","2.3482142857142856"
"2","2500","50","50","0","40","8","0.3","1","3","normal","false","wind-cones","0","true","10","24","7","23","true","2","2","9000","50","110","false","230","5","3","10","1","70","4","4500","1","0.17","25","10","0","1000","500","6","89","exponential","50","5","skewed near","30","true","300","20","30","60","50","20","0","1.05","1","8","2.3773584905660377"
"2","2500","50","50","0","40","8","0.3","1","3","normal","false","wind-cones","0","true","10","24","7","23","true","2","2","9000","50","110","false","230","5","3","10","1","70","4","4500","1","0.17","25","10","0","1000","500","6","89","exponential","50","5","skewed near","30","true","300","20","30","60","50","20","0","1.05","1","9","2.396039603960396"
"2","2500","50","50","0","40","8","0.3","1","3","normal","false","wind-cones","0","true","10","24","7","23","true","2","2","9000","50","110","false","230","5","3","10","1","70","4","4500","1","0.17","25","10","0","1000","500","6","89","exponential","50","5","skewed near","30","true","300","20","30","60","50","20","0","1.05","1","10","2.2688172043010755"
"3","2500","50","50","0","40","8","0.3","1","3","normal","false","wind-cones","0","true","10","24","7","23","true","2","2","9000","50","110","false","230","5","3","10","1","70","4","4500","1","0.17","25","10","0","1000","500","6","89","exponential","50","5","skewed near","30","true","300","20","30","60","50","20","0","1.05","1","0","<RuntimePrimitiveException>"
"3","2500","50","50","0","40","8","0.3","1","3","normal","false","wind-cones","0","true","10","24","7","23","true","2","2","9000","50","110","false","230","5","3","10","1","70","4","4500","1","0.17","25","10","0","1000","500","6","89","exponential","50","5","skewed near","30","true","300","20","30","60","50","20","0","1.05","1","1","2.5864661654135337"
"3","2500","50","50","0","40","8","0.3","1","3","normal","false","wind-cones","0","true","10","24","7","23","true","2","2","9000","50","110","false","230","5","3","10","1","70","4","4500","1","0.17","25","10","0","1000","500","6","89","exponential","50","5","skewed near","30","true","300","20","30","60","50","20","0","1.05","1","2","2.5344827586206895"
"3","2500","50","50","0","40","8","0.3","1","3","normal","false","wind-cones","0","true","10","24","7","23","true","2","2","9000","50","110","false","230","5","3","10","1","70","4","4500","1","0.17","25","10","0","1000","500","6","89","exponential","50","5","skewed near","30","true","300","20","30","60","50","20","0","1.05","1","3","2.4411764705882355"
"3","2500","50","50","0","40","8","0.3","1","3","normal","false","wind-cones","0","true","10","24","7","23","true","2","2","9000","50","110","false","230","5","3","10","1","70","4","4500","1","0.17","25","10","0","1000","500","6","89","exponential","50","5","skewed near","30","true","300","20","30","60","50","20","0","1.05","1","4","2.4285714285714284"
"3","2500","50","50","0","40","8","0.3","1","3","normal","false","wind-cones","0","true","10","24","7","23","true","2","2","9000","50","110","false","230","5","3","10","1","70","4","4500","1","0.17","25","10","0","1000","500","6","89","exponential","50","5","skewed near","30","true","300","20","30","60","50","20","0","1.05","1","5","2.519230769230769"
"3","2500","50","50","0","40","8","0.3","1","3","normal","false","wind-cones","0","true","10","24","7","23","true","2","2","9000","50","110","false","230","5","3","10","1","70","4","4500","1","0.17","25","10","0","1000","500","6","89","exponential","50","5","skewed near","30","true","300","20","30","60","50","20","0","1.05","1","6","2.4766355140186915"
"3","2500","50","50","0","40","8","0.3","1","3","normal","false","wind-cones","0","true","10","24","7","23","true","2","2","9000","50","110","false","230","5","3","10","1","70","4","4500","1","0.17","25","10","0","1000","500","6","89","exponential","50","5","skewed near","30","true","300","20","30","60","50","20","0","1.05","1","7","2.5288461538461537"
"3","2500","50","50","0","40","8","0.3","1","3","normal","false","wind-cones","0","true","10","24","7","23","true","2","2","9000","50","110","false","230","5","3","10","1","70","4","4500","1","0.17","25","10","0","1000","500","6","89","exponential","50","5","skewed near","30","true","300","20","30","60","50","20","0","1.05","1","8","2.349056603773585"
"3","2500","50","50","0","40","8","0.3","1","3","normal","false","wind-cones","0","true","10","24","7","23","true","2","2","9000","50","110","false","230","5","3","10","1","70","4","4500","1","0.17","25","10","0","1000","500","6","89","exponential","50","5","skewed near","30","true","300","20","30","60","50","20","0","1.05","1","9","2.4479166666666665"
"3","2500","50","50","0","40","8","0.3","1","3","normal","false","wind-cones","0","true","10","24","7","23","true","2","2","9000","50","110","false","230","5","3","10","1","70","4","4500","1","0.17","25","10","0","1000","500","6","89","exponential","50","5","skewed near","30","true","300","20","30","60","50","20","0","1.05","1","10","2.467391304347826"
"4","2500","50","50","0","40","8","0.3","1","3","normal","false","wind-cones","0","true","10","24","7","23","true","2","2","9000","50","110","false","230","5","3","10","1","70","4","4500","1","0.17","25","10","0","1000","500","6","89","exponential","50","5","skewed near","30","true","300","20","30","60","50","20","0","1.05","1","0","<RuntimePrimitiveException>"
"4","2500","50","50","0","40","8","0.3","1","3","normal","false","wind-cones","0","true","10","24","7","23","true","2","2","9000","50","110","false","230","5","3","10","1","70","4","4500","1","0.17","25","10","0","1000","500","6","89","exponential","50","5","skewed near","30","true","300","20","30","60","50","20","0","1.05","1","1","2.4305555555555554"
"4","2500","50","50","0","40","8","0.3","1","3","normal","false","wind-cones","0","true","10","24","7","23","true","2","2","9000","50","110","false","230","5","3","10","1","70","4","4500","1","0.17","25","10","0","1000","500","6","89","exponential","50","5","skewed near","30","true","300","20","30","60","50","20","0","1.05","1","2","2.3577235772357725"
"4","2500","50","50","0","40","8","0.3","1","3","normal","false","wind-cones","0","true","10","24","7","23","true","2","2","9000","50","110","false","230","5","3","10","1","70","4","4500","1","0.17","25","10","0","1000","500","6","89","exponential","50","5","skewed near","30","true","300","20","30","60","50","20","0","1.05","1","3","2.3275862068965516"
"4","2500","50","50","0","40","8","0.3","1","3","normal","false","wind-cones","0","true","10","24","7","23","true","2","2","9000","50","110","false","230","5","3","10","1","70","4","4500","1","0.17","25","10","0","1000","500","6","89","exponential","50","5","skewed near","30","true","300","20","30","60","50","20","0","1.05","1","4","2.319327731092437"
